{"cameraMode":{"drawMode":0,"name":"Shaded","section":"Shading Mode"},"sceneLighting":false,"audioPlay":false,"sceneViewState":{"showFog":true,"showMaterialUpdate":false,"showSkybox":true,"showFlares":true,"showImageEffects":true,"showParticleSystems":true},"in2DMode":false,"pivot":{"x":10.666525840759278,"y":1.1556354761123658,"z":-3.5397329330444338},"rotation":{"x":-0.015522883273661137,"y":0.28399357199668887,"z":0.004597607534378767,"w":0.9586895108222961},"size":1.8033427000045777,"orthographic":true}